Event Title,Date,Location,Status,URL,Date_of_check
West Mall BT21-Themed CNY Activities & Promos,05 Jan - 24 Feb 2024,"1 Bukit Batok Central, Singapore 658713",ENDED,https://thesmartlocal.com/read/west-mall-bt21-cny-2024/,15/04/2024 22:34:20
Comma Creative Arts Festival 2024,12 - 28 Jan 2024,"2 Orchard Link, Singapore 237978",ENDED,https://thesmartlocal.com/read/comma-creative-arts-festival-2024/,15/04/2024 22:34:20
Light To Night 2024,19 Jan - 08 Feb 2024,Civic District,ENDED,https://thesmartlocal.com/read/light-to-night-2024/,15/04/2024 22:34:20
Creative Intersections: Traces Of Dragons,19 Jan - 25 Feb 2024,Funan,ENDED,https://thesmartlocal.com/read/singapore-art-week-2024-funan/,15/04/2024 22:34:20
Artbox Avenue 2024,26 Jan - 04 Feb 2024,"Singapore Expo Hall 2, 1 Expo Drive, Singapore 486150",ENDED,https://thesmartlocal.com/read/artbox-avenue-2024/,15/04/2024 22:34:20
Pinkfong & Baby Shark Playhouse,26 Jan - 31 Mar 2024,"6 Raffles Boulevard, #03-208/209 Marina Square, Singapore 039594",ENDED,https://thesmartlocal.com/read/pinkfong-baby-shark-playhouse/,15/04/2024 22:34:20
Harry Potter: A Forbidden Experience,03 Feb - 30 Apr 2024,"Coastal Trail, Siloso Point, Sentosa",,https://thesmartlocal.com/read/harry-potter-forbidden-forest-experience/,15/04/2024 22:34:20
Istana Open House 2024,12 Feb 2024,"Orchard Road, Singapore 238823",ENDED,https://thesmartlocal.com/read/istana-open-house-2024/,15/04/2024 22:34:20
Sky Lantern Festival,21 Feb 2024,"Palawan Green, Siloso Beach Walk, Sentosa, Singapore 098236",ENDED,https://thesmartlocal.com/read/sky-lantern-festival-sentosa/,15/04/2024 22:34:20
Kampong Gelam Ramadan Bazaar 2024,02 Mar - 05 Apr 2024,Kampong Gelam,ENDED,https://thesmartlocal.com/read/kampong-gelam-ramadan-bazaar-2024/,15/04/2024 22:34:20
Geylang Serai Ramadan Bazaar 2024,08 Mar - 10 Apr 2024,"1 Geylang Serai, Singapore 402001",ENDED,https://thesmartlocal.com/read/geylang-serai-bazaar-2024/,15/04/2024 22:34:20
GoGreen Market By REFASH,18 - 31 Mar 2024,Chinatown Point,ENDED,https://thesmartlocal.com/read/refash-chinatown-point-pop-up/,15/04/2024 22:34:20
Gardens By The Bay Sakura Festival 2024,22 Mar - 21 Apr 2024,"18 Marina Gardens Drive, Gardens by the Bay, Singapore 018953",,https://thesmartlocal.com/read/gardens-by-the-bay-sakura-2024/,15/04/2024 22:34:20
Naruto: The Gallery,28 Mar - 30 Jun 2024,"8 Sentosa Gateway, Singapore 098269",,https://thesmartlocal.com/read/naruto-the-gallery-singapore/,15/04/2024 22:34:20
Night At Orchard:#Find out more about Night at Orchard_0,"29th-31st March 2024, ",,ENDED,https://thesmartlocal.com/read/night-at-orchard-2024/,15/04/2024 22:34:20
Night At Orchard:#Find out more about Night at Orchard_1, on the last weekend of every month,,ENDED,https://thesmartlocal.com/read/night-at-orchard-2024/,15/04/2024 22:34:20
SHEIN Spring-Summer Pop-Up,01 - 07 Apr 2024,Plaza Singapura,ENDED,https://thesmartlocal.com/read/shein-pop-up-plaza-singapura/,15/04/2024 22:34:20
Rasa Gombak Day Out,05 - 07 Apr 2024,Bukit Gombak Neighbourhood Centre,ENDED,https://thesmartlocal.com/read/rasa-gombak-day-out-2024/,15/04/2024 22:34:20
Vintage Flea Market By The Retro Factory,06 - 08 Jan 2023,"Katong Square, 88 East Coast Road, Singapore 423371",ENDED,https://thesmartlocal.com/read/the-retro-factory-flea-market/,15/04/2024 22:34:20
Light To Night 2023: Here And Now,06 - 26 Jan 2023,"1 St Andrew's Rd, #01-01, Singapore 178957",ENDED,https://thesmartlocal.com/read/light-to-night-2023/,15/04/2024 22:34:20
S.E.A. Focus 2023,06 - 15 Jan 2023,"39 Keppel Road, Tanjong Pagar Distripark, Singapore 089065",ENDED,https://thesmartlocal.com/read/sea-focus-2023/,15/04/2024 22:34:20
Disney100 At Jewel Changi,13 Jan - 09 Apr 2023,"Jewel Changi Airport, 78 Airport Boulevard., Singapore 819666",ENDED,https://thesmartlocal.com/read/disney100-jewel-changi-airport/,15/04/2024 22:34:20
Bay Spring Carnival 2023,13 - 29 Jan 2023,"Bayfront Event Space, 12A Bayfront Avenue, Singapore 018970",ENDED,https://thesmartlocal.com/read/bay-spring-carnival-2023/,15/04/2024 22:34:20
Tiger Brokers What Would Tiger Do 2023,14 - 15 Jan 2023,"10 Penang Road, Visual Arts Centre, Singapore 238469",ENDED,https://thesmartlocal.com/read/tiger-brokers-wwtd-2023/,15/04/2024 22:34:20
Istana Open House,23 Jan 2023,"Orchard Road, Singapore 238823",ENDED,https://thesmartlocal.com/read/istana-open-house-2023/,15/04/2024 22:34:20
Disney'S Frozen The Hit Broadway Musical,05 Feb - 19 Mar 2023,"Sands Theatre, 4 Bayfront Avenue, B1, Singapore 018973",ENDED,https://thesmartlocal.com/read/frozen-musical-singapore/,15/04/2024 22:34:20
Chatuchak Night Market Singapore 2023,07 Feb - 02 Apr 2023,"200 Turf Club Road, The Grandstand South Carpark, Singapore 287994",ENDED,https://thesmartlocal.com/read/chatuchak-night-market-singapore-2023/,15/04/2024 22:34:20
29Rooms Singapore,10 Feb - 16 Apr 2023,"Gardens by the Bay, 18 Marina Gardens Drive, Singapore 018953",ENDED,https://thesmartlocal.com/read/29rooms-singapore/,15/04/2024 22:34:20
NUS Master Of Science (Audiology) Open Day 2022,11 Feb 2023,"14 Medical Drive, National University of Singapore, Block MD6, Level 2 (Audiology SMART Classroom), Singapore 117599",ENDED,https://thesmartlocal.com/read/sinus-infection-hearing-loss/,15/04/2024 22:34:20
Harry Potter And The Order Of The Phoenix In Concert,17 - 18 Feb 2023,"Esplanade Theatre, 1 Esplanade Drive, Singapore 038981",ENDED,https://thesmartlocal.com/read/harry-potter-concert-singapore/,15/04/2024 22:34:20
The Klook Express At Japan Travel Fair 2023,24 - 26 Feb 2023,"Suntec City West, Level 1 #327-328 (outside Uniqlo)",ENDED,https://thesmartlocal.com/read/japan-travel-fair-2023-promos/,15/04/2024 22:34:20
Artbox 2023,24 Feb - 05 Mar 2023,"Singapore Expo Hall 6, 1 Expo Drive, Singapore 486041",ENDED,https://thesmartlocal.com/read/artbox-2023/,15/04/2024 22:34:20
The Centrepoint Bootcamp Challenge & Sports Marathon,10 - 25 Mar 2023,"176 Orchard Road, Singapore 238843",ENDED,https://thesmartlocal.com/read/the-centrepoint-fitness-classes/,15/04/2024 22:34:20
Gardens By The Bay Sakura,11 Mar - 09 Apr 2023,"18 Marina Gardens Drive, Gardens by the Bay, Singapore 018953",ENDED,https://thesmartlocal.com/read/gardens-by-the-bay-sakura/,15/04/2024 22:34:20
Geylang Serai Bazaar,23 Mar - 22 Apr 2023,"1 Geylang Serai, Singapore 402001",ENDED,https://thesmartlocal.com/read/geylang-serai-bazaar-2023/,15/04/2024 22:34:20
Trash To Treasures Miniature Exhibition,14 - 23 Apr 2023,"302 Tiong Bahru Road, Tiong Bahru Plaza (BreadTalk entrance), Singapore 168732",ENDED,https://thesmartlocal.com/read/trash-to-treasures-miniature-exhibition/,15/04/2024 22:34:20
Tulipmania: Origins Of The Tulip,21 Apr - 21 May 2023,"Flower Dome, Gardens by the Bay, 18 Marina Gardens Drive, Singapore 018953",ENDED,https://thesmartlocal.com/read/gardens-by-the-bay-tulipmania/,15/04/2024 22:34:20
Changi Village Outdoor Murder Mystery RPG,22 - 30 Apr 2023,"Lorong Bekukong, Changi Point Waterfront Park",ENDED,https://thesmartlocal.com/read/changi-village-murder-mystery-rpg/,15/04/2024 22:34:20
Walk Beyond With Johnnie Walker,26 - 30 Apr 2023,"250 Orchard Road, Design Orchard, Singapore 238905",ENDED,https://thesmartlocal.com/read/johnnie-walker-walk-beyond/,15/04/2024 22:34:20
AECC Study Abroad Education Fair 2023,07 May 2023,"Marina Bay Sands Convention Centre, Level 3, Cassia Jr",ENDED,https://thesmartlocal.com/read/aecc-study-abroad-education-fair-2023/,15/04/2024 22:34:20
New Exhibitions At SAM @ Tanjong Pagar Distripark,18 May - 24 Sep 2023,"39 Keppel Rd, Tanjong Pagar Distripark, Singapore 089065",ENDED,https://thesmartlocal.com/read/sam-tanjong-pagar-distripark-exhibitions/,15/04/2024 22:34:20
Dear Tampines By Our Tampines Hub,27 May - 07 Jun 2023,"1 Tampines Walk, Singapore 528523",ENDED,https://thesmartlocal.com/read/our-tampines-hub-carnivals/,15/04/2024 22:34:20
Naruto 20th Anniversary Exhibition,29 May - 02 Jul 2023,"6 Raffles Boulevard, #03-208/209 Marina Square, Singapore 039594",ENDED,https://thesmartlocal.com/read/naruto-20th-anniversary-exhibition-singapore/,15/04/2024 22:34:20
I Light Singapore 2023,01 - 25 Jun 2023,"Marina Bay, South Beach & Millenia Walk",ENDED,https://thesmartlocal.com/read/i-light-singapore-2023/,15/04/2024 22:34:20
Carnival By The Straits 2023,10 Jun 2023,"43 Admiralty Road West, SAF Yacht Club, Singapore 759962",ENDED,https://thesmartlocal.com/read/carnival-by-the-straits/,15/04/2024 22:34:20
L’Occitane Hotel Pop-Up,28 Jun - 09 Jul 2023,"252 North Bridge Road, #01-01 Raffles City, Singapore 179103",ENDED,https://thesmartlocal.com/read/loccitane-pop-up-2023/,15/04/2024 22:34:20
Stranger Things - The Encounter,30 Jun - 01 Oct 2023,"201 Victoria Street, Level 2 Bugis+, Sinagpore 188067",ENDED,https://thesmartlocal.com/read/stranger-things-the-encounter/,15/04/2024 22:34:20
LEGO BTS Dynamite Experience,07 - 16 Jul 2023,"Along 391A Orchard Road, Ngee Ann City, Singapore 238873",ENDED,https://thesmartlocal.com/read/lego-bts-dynamite-experience/,15/04/2024 22:34:20
Youth Corps Community Fair,16 Jul 2023,"113 Somerset Road, The Red Box, Singapore 238165",ENDED,https://thesmartlocal.com/read/do-good-fest-2023/,15/04/2024 22:34:20
Singapore Food Festival 2023,19 - 30 Jul 2023,"12A Bayfront Ave, Singapore 018970",ENDED,https://thesmartlocal.com/read/singapore-food-festival-2023/,15/04/2024 22:34:20
“Itsy Bitsy Teenie Weenie Super Mini Thingy Exhibition,21 Jul - 06 Aug 2023,"409 Race Course Road, #03-01A, Singapore 218657",ENDED,https://thesmartlocal.com/read/miniature-exhibition-farrer-park/,15/04/2024 22:34:20
Majulah Fiesta 2023,03 - 09 Aug 2023,"1 Stadium Drive, Kallang, Singapore 271003",ENDED,https://thesmartlocal.com/read/majulah-fiesta-2023/,15/04/2024 22:34:20
Films At The Fort 2023,03 - 20 Aug 2023,"Fort Canning Green, River Valley Road, Singapore 179037",ENDED,https://thesmartlocal.com/read/films-at-the-fort-2023/,15/04/2024 22:34:20
The Centrepoint’S Artsy National Day Event Has SG-Themed Tokidoki & Miniature Models Of Local Sights ,04 Aug - 03 Sep 2023,"176 Orchard Road, The Centrepoint, Level 1 Atrium, Singapore 238843",ENDED,https://thesmartlocal.com/read/the-centrepoint-national-day-2023/,15/04/2024 22:34:20
Singapore Night Festival 2023,18 - 26 Aug 2023,"93 Stamford Road, Singapore 178897",ENDED,https://thesmartlocal.com/read/singapore-night-festival-2023/,15/04/2024 22:34:20
Wan Qing Mid-Autumn Festival 2023,29 Aug - 01 Oct 2023,"12 Tai Gin Road, Singapore 327874",ENDED,https://thesmartlocal.com/read/wan-qing-mid-autumn-festival-2023/,15/04/2024 22:34:20
Garden Of Lights At VivoCity,31 Aug - 01 Oct 2023,"1 HarbourFront Walk, Singapore 098585",ENDED,https://thesmartlocal.com/read/vivocity-mid-autumn-festival-2023/,15/04/2024 22:34:20
PLQ Mid-Autumn Events,01 Sep - 01 Oct 2023,"10 Paya Lebar Road, Singapore 409057",ENDED,https://thesmartlocal.com/read/plq-mid-autumn-festival-2023/,15/04/2024 22:34:20
Bugis Town Events 2023,02 - 17 Sep 2023,Multiple locations,ENDED,https://thesmartlocal.com/read/bugis-town-september-2023/,15/04/2024 22:34:20
Garden Of Blooms,16 Sep - 01 Oct 2023,"18 Marina Gardens Drive, Gardens By The Bay, Singapore 018953",ENDED,https://thesmartlocal.com/read/gbtb-mid-autumn-festival-2023/,15/04/2024 22:34:20
Now Is Not The Time,19 - 24 Sep 2023,"27 Pasir Panjang Road, Singapore 117537",ENDED,https://thesmartlocal.com/read/now-is-not-the-time/,15/04/2024 22:34:20
Carnival By The Bay,22 - 23 Sep 2023,"8A Marina Boulevard, Singapore 018984",ENDED,https://thesmartlocal.com/read/carnival-by-the-bay/,15/04/2024 22:34:20
Halloween Horror Nights 2023,29 Sep - 04 Nov 2023,"8 Sentosa Gateway, Universal Studios Singapore, Singapore 098269",ENDED,https://thesmartlocal.com/read/halloween-horror-nights-2023/,15/04/2024 22:34:20
LKY: The Experience,06 Oct - 31 Dec 2023,11 Prinsep Link,ENDED,https://thesmartlocal.com/read/lky-the-experience/,15/04/2024 22:34:20
Rest.In.Peace Centre Horror Experience,13 - 29 Oct 2023,"1 Sophia Road, Peace Centre, Singapore 228161",ENDED,https://thesmartlocal.com/read/peace-centre-horror-house/,15/04/2024 22:34:20
Klook Travel Fest 2023,14 - 15 Oct 2023,Marina Bay Sands Convention Centre Hall D,ENDED,https://thesmartlocal.com/read/klook-travel-fest-2023/,15/04/2024 22:34:20
There’S A Huge Bazaar In Little India With Loads Of Traditional Snacks & Festive Outfits For Deepavali Hols,14 Oct - 11 Nov 2023,Little India,ENDED,https://thesmartlocal.com/read/deepavali-market-little-india/,15/04/2024 22:34:20
Brews & Beats 2023,19 - 24 Oct 2023,"311 New Upper Changi Road, Singapore 467360",ENDED,https://thesmartlocal.com/read/bedok-mall-brews-and-beats-2023/,15/04/2024 22:34:20
Haw-Ror Villa 2,27 - 29 Oct 2023,"Haw Par Villa, 262 Pasir Panjang Road, Singapore 118628",ENDED,https://thesmartlocal.com/read/haw-par-villa-halloween-2023/,15/04/2024 22:34:20
Korean Film Festival 2023,27 Oct - 05 Nov 2023,"3 Temasek Boulevard, #03-373, Singapore 038983",ENDED,https://thesmartlocal.com/read/korean-film-festival-2023/,15/04/2024 22:34:20
Nautical Paw-Ty @ Northshore Plaza,05 Nov 2023,"407 Northshore Drive, Singapore 820407",ENDED,https://thesmartlocal.com/read/northshore-plaza-pet-friendly-event/,15/04/2024 22:34:20
Warner Bros. 100 At Sentosa,10 - 26 Nov 2023,siloso beach,ENDED,https://thesmartlocal.com/read/warner-bros-sentosa/,15/04/2024 22:34:20
Suntec City’ Holiday Wonderland,16 Nov - 26 Dec 2023,Suntec City,ENDED,https://thesmartlocal.com/read/suntec-city-holiday-wonderland-2023/,15/04/2024 22:34:20
Nintendo Pop-Up Store,17 Nov 2023 - 01 Jan 2024,"Jewel Changi Airport, Level 04-220/221",ENDED,https://thesmartlocal.com/read/nintendo-pop-up-store-jewel-changi/,15/04/2024 22:34:20
Pipe Around The World At Jewel,17 Nov 2023 - 01 Jan 2024,"Jewel Changi, 78 Airport Boulevard, Singapore 819666",ENDED,https://thesmartlocal.com/read/super-mario-jewel-changi/,15/04/2024 22:34:20
RollerMania 3.0,17 Nov 2023 - 01 Jan 2024,"Level 7 Carpark, 68 Orchard Road, Singapore 238839",ENDED,https://thesmartlocal.com/read/rollermania-2023/,15/04/2024 22:34:20
Walt Disney Animation Studios,18 Nov - 31 Dec 2023,"4 Bayfront Avenue, Sands Theatre, Singapore 018973",ENDED,https://thesmartlocal.com/read/immersive-disney-animation/,15/04/2024 22:34:20
UNTAME: Future Of Food,24 Nov - 02 Dec 2023,Science Centre Singapore,ENDED,https://thesmartlocal.com/read/science-centre-untame-future-of-food/,15/04/2024 22:34:20
JB MaQan Food Fest 2023,24 - 26 Nov 2023,"Padang A, Angsana Johor Bahru Mall, Bandar Baru Uda, 81200 Johor Bahru, Johor, Malaysia",ENDED,https://thesmartlocal.com/read/jb-maqan-food-fest-2023/,15/04/2024 22:34:20
Home Team Festival 2023,24 - 26 Nov 2023,"1 Expo Drive, Singapore 486150",ENDED,https://thesmartlocal.com/read/home-team-festival-2023/,15/04/2024 22:34:20
Nom Nom Cinema,24 Nov - 29 Dec 2023,"217 Lavender Street, Haus217, Singapore 338772",ENDED,https://thesmartlocal.com/read/nom-nom-cinema-2023/,15/04/2024 22:34:20
Smart Grandparent'S Day 2023,26 Nov 2023,National Museum of Singapore,ENDED,https://thesmartlocal.com/read/smart-nation-grandparents-day-2023/,15/04/2024 22:34:20
Christmas Wonderland 2023,01 Dec 2023 - 01 Jan 2024,"Gardens By The Bay, 18 Marina Gardens Drive, Singapore 018953",ENDED,https://thesmartlocal.com/read/christmas-wonderland-2023/,15/04/2024 22:34:20
Star On! 2023,03 Dec 2023,"1 Raffles Boulevard, Room 321-322, Summit 1, Suntec Singapore Convention & Exhibition Centre, Singapore 039593",ENDED,https://thesmartlocal.com/read/home-reno-questions/,15/04/2024 22:34:20
Ice Magic,09 Dec 2023 - 21 Jan 2024,"Bayfront Event Space,12A Bayfront Avenue, Singapore 018970",ENDED,https://thesmartlocal.com/read/ice-magic-2023/,15/04/2024 22:34:20
TurboCharged By KF1,14 - 31 Dec 2023,"Bayfront Event Space, 12A Bayfront Avenue, Singapore 018970",ENDED,https://thesmartlocal.com/read/turbocharged-go-karting-marina-bay/,15/04/2024 22:34:20
Bedok Mall Forest Frenzy Carnival 2024,22 Dec 2023 - 02 Jan 2024,"311 New Upper Changi Road, Singapore 467360",ENDED,https://thesmartlocal.com/read/bedok-mall-carnival-2024/,15/04/2024 22:34:20
HarbourFront Centre'S Chinese New Year Celebration,10 Jan - 13 Feb 2022,"1 Maritime Square, Singapore 099253",ENDED,https://thesmartlocal.com/read/harbourfront-centre-cny-2022/,15/04/2024 22:34:20
SIT Open House 2023,14 - 15 Jan 2022,"Suntec Convention and Exhibition Centre, Level 3",ENDED,https://thesmartlocal.com/read/sit-open-house-2023/,15/04/2024 22:34:20
Light To Night 2022,14 Jan - 03 Feb 2022,Civic District,ENDED,https://thesmartlocal.com/read/light-to-night-2022/,15/04/2024 22:34:20
Capitol Singapore CNY 2022:#Bubbly Celebration_0,21 Jan 2022 - 23rd Jan 2022 ,Photography by Doreen Fan.,ENDED,https://thesmartlocal.com/read/capitol-singapore-cny-2022/,15/04/2024 22:34:20
Capitol Singapore CNY 2022:#Bubbly Celebration_1, 28th Jan – 2nd Feb 2022,Photography by Doreen Fan.,ENDED,https://thesmartlocal.com/read/capitol-singapore-cny-2022/,15/04/2024 22:34:20
SHEIN X Atome Pop-Up Store,21 - 25 Jan 2022,"2 Orchard Link, #01-02 MOX @ *SCAPE, Singapore 237978",ENDED,https://thesmartlocal.com/read/cny-outfit-tips/,15/04/2024 22:34:20
Eevee Adventure At Sentosa,29 Jan - 20 Feb 2022,Sentosa,ENDED,https://thesmartlocal.com/read/eevee-adventure-sentosa/,15/04/2024 22:34:20
Van Cleef & Arpels: A Journey Through The Poetry Of Time:#Van Cleef & Arpels: A Journey Through the Poetry of Time,12th – 20th February 2022,Cover images adapted from: Van Cleef & Arpels,ENDED,https://thesmartlocal.com/read/van-cleef-arpels-mbs/,15/04/2024 22:34:20
Attack On Titan: The Exhibition:#Get tickets for Attack on Titan: The Exhibition,19th Feb-3rd Jul 2022,A portion of this content may contain referral links to products. Our opinions remain our own.,ENDED,https://thesmartlocal.com/read/attack-on-titan-exhibition/,15/04/2024 22:34:20
A Date With My Boomer:#1_0,Come by A Date with My Boomer (The Carnival) with your gr,"Cover image adapted from: @artnooq, @k33ee, @brbdoingnails",ENDED,https://thesmartlocal.com/read/chinatown-free-art-jamming/,15/04/2024 22:34:20
A Date With My Boomer:#1_1,"ma, gr","Cover image adapted from: @artnooq, @k33ee, @brbdoingnails",ENDED,https://thesmartlocal.com/read/chinatown-free-art-jamming/,15/04/2024 22:34:20
A Date With My Boomer:#1_2,pa or even your parents to enjoy a free 2-hour-long art jamming session. As long as your plus one is 65 ,"Cover image adapted from: @artnooq, @k33ee, @brbdoingnails",ENDED,https://thesmartlocal.com/read/chinatown-free-art-jamming/,15/04/2024 22:34:20
A Date With My Boomer:#1_3," above, you’ll qualify for the complimentary activity. Lunch will also be provided if you register for the 10AM or 12PM sessions.","Cover image adapted from: @artnooq, @k33ee, @brbdoingnails",ENDED,https://thesmartlocal.com/read/chinatown-free-art-jamming/,15/04/2024 22:34:20
Changi’S Sweetest Treat,11 Mar - 03 May 2022,"65 Airport Boulevard, Changi Airport Terminal 3, Singapore 819663",ENDED,https://thesmartlocal.com/read/changi-airport-chupa-chups/,15/04/2024 22:34:20
Brickman Wonders Of The World 2022:#Brickman Wonders Of The World,From 25th March – 3rd July 2022,Originally published on 5th January 2022. Last updated by Josiah Neo on 5th March 2022.,ENDED,https://thesmartlocal.com/read/brickman-lego-exhibition-sg/,15/04/2024 22:34:20
Geylang Serai Ramadan Bazaar 2022,02 Apr - 02 May 2022,"1 Geylang Serai, Singapore 402001",ENDED,https://thesmartlocal.com/read/geylang-serai-ramadan-bazaar-2022/,15/04/2024 22:34:20
Hong Kong Tourism Board,05 - 17 Apr 2022,"3 Temasek Boulevard, Suntec City East Atrium Level 1 and 3, Singapore 038983",ENDED,https://thesmartlocal.com/read/hongkong-exhibition-2022/,15/04/2024 22:34:20
New Light On An Old Tale Exhibition,05 Apr - 30 Jun 2022,"1 Canning Rise, National Archives of Singapore, Singapore 179868",ENDED,https://thesmartlocal.com/read/new-light-on-an-old-tale-exhibition/,15/04/2024 22:34:20
Coach X Two Men Bagel House Pop-Up,09 Apr - 08 May 2022,"39 Duxton Hill, Singapore 089616",ENDED,https://thesmartlocal.com/read/coach-bagel-pop-up-2022/,15/04/2024 22:34:20
Seedly Personal Finance Festival 2022:#Investing Themes In 2022,23rd April 2022,This post was brought to you by Seedly.,ENDED,https://thesmartlocal.com/read/seedly-personal-finance-festival-2022/,15/04/2024 22:34:20
LingoAce,23 - 26 Apr 2022,"LingoAce @ 111 Somerset, #01-47, Singapore 238164",ENDED,https://thesmartlocal.com/read/lingoace-upcycle-storybook/,15/04/2024 22:34:20
Rainbow Connection II:#1,06 May 2022 - 29th May 2022,"Cover images adapted from: @jojolau88, Malay Heritage Centre",ENDED,https://thesmartlocal.com/read/malay-heritage-centre-rainbow-connection/,15/04/2024 22:34:20
MetaJam Asia:#Get tickets to MetaJam Asia here,06 May 2022 - until 31st July 2022,"This post was done in collaboration with MetaJam. However, all opinions are our own.",ENDED,https://thesmartlocal.com/read/metajam-asia/,15/04/2024 22:34:20
MetaJam Asia:#2,06 May 2022 - until 31st July 2022,Admission: $18 for Day Pass | $45 for multi-day Season Pass | 0.08ETH for a Meta Pass,ENDED,https://thesmartlocal.com/read/metajam-asia/,15/04/2024 22:34:20
Let’S Play @ D'Marquee,28 Apr 2022,Downtown East,ENDED,https://thesmartlocal.com/read/lets-play-dmarquee-downtown-east/,15/04/2024 22:34:20
Love @ Chinatown Point,17 May - 26 Jun 2022,Chinatown Point,ENDED,https://thesmartlocal.com/read/chinatown-point-love/,15/04/2024 22:34:20
PUMA Run XX Nitro Experience,27 May - 05 Jun 2022,"Bugis+ 201 Victoria Street, Singapore 188067",ENDED,https://thesmartlocal.com/read/puma-bugis-pop-up/,15/04/2024 22:34:20
Wellness Festival Singapore:#A Forest Bathing Journey,4th & 12 June,Cover image adapted from Singapore Tourism Board.,ENDED,https://thesmartlocal.com/read/wellness-festival-singapore/,15/04/2024 22:34:20
I Light Singapore,03 - 26 Jun 2022,Marina Bay,ENDED,https://thesmartlocal.com/read/i-light-singapore-2022/,15/04/2024 22:34:20
Zentosa Fest 2022,04 - 30 Jun 2022,"Palawan Beach, Sentosa",ENDED,https://thesmartlocal.com/read/sentosa-zentosa-fest-2022/,15/04/2024 22:34:20
"Off / On: Everyday Technology That Changed Our Lives, 1970s – 2000s",10 Jun - 01 Oct 2022,National Museum of Singapore,ENDED,https://thesmartlocal.com/read/national-museum-off-on-exhibit/,15/04/2024 22:34:20
"A Walk In The Forest Of Verbs With ""MUJI IS""",12 Jun - 27 Jul 2022,Japan Creative Centre,ENDED,https://thesmartlocal.com/read/muji-exhibition-singapore/,15/04/2024 22:34:20
Drive-In Movie Screening @ Downtown East,25 Jun 2022,"Downtown East Begonia Open-air Carpark, 1 Pasir Ris Close, Singapore 519599",ENDED,https://thesmartlocal.com/read/downtown-east-drive-in-movie/,15/04/2024 22:34:20
Movies By The Beach,01 Jul - 30 Sep 2022,"Southside Beach, 80 Siloso Road, 098969",ENDED,https://thesmartlocal.com/read/movies-by-the-beach-sentosa/,15/04/2024 22:34:20
SkillsFuture Festival,05 Jul - 14 Aug 2022,Various locations,ENDED,https://thesmartlocal.com/read/skillsfuture-festival-2022/,15/04/2024 22:34:20
Cellarfiesta 2022,11 Jul 2022,,ENDED,https://thesmartlocal.com/read/cellarbration-cellarfiesta-2022/,15/04/2024 22:34:20
How To Grow Your Wealth In A Turbulent Market,16 Jul 2022,"1 Raffles Boulevard, Suntec Singapore Convention and Exhibition Centre, Hall 406, Singapore 039593",ENDED,https://thesmartlocal.com/read/investing-red-flags/,15/04/2024 22:34:20
The Westin Singapore Wedding Show,23 - 24 Jul 2022,"12 Marina View, Asia Square Tower 2, The Westin Singapore, Singapore 018961",ENDED,https://thesmartlocal.com/read/wedding-planning-singapore/,15/04/2024 22:34:20
Dyson Home Event,25 - 31 Jul 2022,"23 Serangoon Central, NEX, Atrium Level 1, Singapore 556083",ENDED,https://thesmartlocal.com/read/dyson-home-event/,15/04/2024 22:34:20
Fill A Tote,29 - 31 Jul 2022,"Kong Beng Industrial Building, 41 Jalan Pemimpin, Singapore 577186",ENDED,https://thesmartlocal.com/read/books-beyond-borders-sale/,15/04/2024 22:34:20
Patricia Piccinini: We Are Connected,05 Aug 2022 - 29 Jan 2023,"ArtScience Museum, 6 Bayfront Avenue, Singapore 018974",ENDED,https://thesmartlocal.com/read/artscience-museum-patricia-piccinini/,15/04/2024 22:34:20
We Live In An Ocean Of Air,05 Aug - 02 Oct 2022,"6 Bayfront Avenue, ArtScience Museum VR Gallery Level 4, Singapore 018974",ENDED,https://thesmartlocal.com/read/artscience-museum-vr-exhibit/,15/04/2024 22:34:20
Films At The Fort:#Book your tickets to Films at the Fort,10th-21st August 2022,"Cover image adapted from: @filmsatthefort, @indiecollaborates",ENDED,https://thesmartlocal.com/read/films-at-the-fort-2022/,15/04/2024 22:34:20
Have I Gone Mad?:#Book your tickets to Have I Gone Mad?,12th-14th & 19th-21th Aug 2022,Cover image adapted from: The Secret Patio,ENDED,https://thesmartlocal.com/read/the-secret-patio-tea-party/,15/04/2024 22:34:20
Temasek Foundation SSO National Day Concert 2022,13 Aug 2022,"1 Esplanade Drive, Esplanade Concert Hall, Singapore 038981",ENDED,https://thesmartlocal.com/read/sso-national-day-concert/,15/04/2024 22:34:20
Wan Qing Mid-Autumn Festival 2022,16 Aug - 25 Sep 2022,Sun Yat Sen Nanyang Memorial Hall,ENDED,https://thesmartlocal.com/read/celestial-bodies-mid-autumn-festival/,15/04/2024 22:34:20
OnTheList Tory Burch Sale,17 - 20 Aug 2022,"30 Raffles Place, CIMB Plaza #02-20, OnTheList Showroom, Singapore 048622",ENDED,https://thesmartlocal.com/read/onthelist-tory-burch-sale/,15/04/2024 22:34:20
Singapore Night Festival 2022,19 - 27 Aug 2022,Bras Basah-Bugis Precinct ,ENDED,https://thesmartlocal.com/read/singapore-night-festival-2022/,15/04/2024 22:34:20
Hanging Gardens - Mexican Roots,20 Aug - 25 Sep 2022,"18 Marina Gardens Drive, Gardens by the Bay Flower Dome, Singapore 018953",ENDED,https://thesmartlocal.com/read/gardens-by-the-bay-hanging-gardens/,15/04/2024 22:34:20
Samsung Bespoke Home Pop-Up,20 Aug - 15 Sep 2022,"Along 391A Orchard Road, Ngee Ann City, Singapore 238873",ENDED,https://thesmartlocal.com/read/samsung-bespoke-home/,15/04/2024 22:34:20
Jurong Point Disney Tsum Tsum Display:#1,22nd August -10th September 2022,Cover image adapted from: Jurong Point,ENDED,https://thesmartlocal.com/read/jurong-point-disney-tsum-tsum/,15/04/2024 22:34:20
Exclusive Movie Screening - DC League Of Super-Pets,26 - 27 Aug 2022,"107 North Bridge Road, Funan, Roof Garden, Singapore 179105",ENDED,https://thesmartlocal.com/read/funan-outdoor-movie-screening/,15/04/2024 22:34:20
Chinatown Point,30 Aug - 30 Sep 2022,"133 New Bridge Road, Singapore 059413",ENDED,https://thesmartlocal.com/read/chinatown-point-mid-autumn-festival/,15/04/2024 22:34:20
Festival Village 2022,31 Aug - 11 Sep 2022,"Bayfront Event Space, 12A Bayfront Avenue, Singapore 018970",ENDED,https://thesmartlocal.com/read/singapore-food-festival-2022/,15/04/2024 22:34:20
MENTAL: Colours Of Wellbeing,03 Sep 2022 - 26 Feb 2023,"6 Bayfront Avenue, Singapore 018974",ENDED,https://thesmartlocal.com/read/mental-colours-of-wellbeing-asm/,15/04/2024 22:34:20
"Rent-A-Craft, Pay-By-Trash",25 Aug 2022,,ENDED,https://thesmartlocal.com/read/passion-wave-kayak-rental/,15/04/2024 22:34:20
A Minion’S Perspective Experience,03 Sep 2022 - 02 Jan 2023,"Resorts World Sentosa Waterfront, 8 Sentosa Gateway, Singapore 098269",ENDED,https://thesmartlocal.com/read/a-minions-perspective-experience/,15/04/2024 22:34:20
Singapore International Photography Festival,15 Sep - 30 Oct 2022,"1 Sophia Road, Singapore 228161",ENDED,https://thesmartlocal.com/read/singapore-international-photography-festival/,15/04/2024 22:34:20
SAFRA,16 Sep 2022,,ENDED,https://thesmartlocal.com/read/safra-swim-for-hope-2022/,15/04/2024 22:34:20
Museum Of Ice Cream Singapore'S Anniversary,17 Sep 2022,"100 Loewen Road, Singapore 248837",ENDED,https://thesmartlocal.com/read/museum-of-ice-cream-promotion/,15/04/2024 22:34:20
AECC Global,24 Sep 2022,"80 Bras Basah Road, Raffles City Convention Centre, Level 4 Room Indiana and Mintro Singapore 189560",ENDED,https://thesmartlocal.com/read/aecc-education-fair-2022/,15/04/2024 22:34:20
Five Iron Golf Turns One,-,"139 Cecil Street, #13-01, Singapore 069539",ENDED,https://thesmartlocal.com/read/five-iron-golf-anniversary-party/,15/04/2024 22:34:20
OnTheList Vans Flash Sale,28 Sep - 01 Oct 2022,"30 Raffles Place, CIMB Plaza #02-20, OnTheList Showroom, Singapore 048622",ENDED,https://thesmartlocal.com/read/onthelist-vans-flash-sale/,15/04/2024 22:34:20
MSI Free Laptop Maintenance,30 Sep - 02 Oct 2022,"200 Victoria Street #B1-26 Bugis Junction, Singapore 188021",ENDED,https://thesmartlocal.com/read/msi-free-laptop-maintenance/,15/04/2024 22:34:20
Indian Heritage Centre’S (IHC) Deepavali Open House,01 - 23 Oct 2022,"5 Campbell Lane, Singapore 209924",ENDED,https://thesmartlocal.com/read/deepavali-open-house-2022/,15/04/2024 22:34:20
Bedok 85 Pasar Malam,08 - 23 Oct 2022,"85 Bedok North Street 4, Singapore 460085",ENDED,https://thesmartlocal.com/read/bedok-85-pasar-malam/,15/04/2024 22:34:20
Silent Disco In The Sky:#Book a spot at Silent Disco in The Sky,14th October – 19th November 2022,"Cover image adapted from: @silentdiscoasia ,@silentdiscoasia",ENDED,https://thesmartlocal.com/read/mbs-silent-disco-in-the-sky/,15/04/2024 22:34:20
Gamebox At PLQ,21 Oct - 06 Nov 2022,"10 Paya Lebar Road, Paya Lebar Quarter, Singapore 409057",ENDED,https://thesmartlocal.com/read/plq-gamebox/,15/04/2024 22:34:20
One Love Asia Festival Singapore 2022,22 - 23 Oct 2022,"Bayfront Event Space, 12A Bayfront Avenue, Singapore 018970",ENDED,https://thesmartlocal.com/read/one-love-asia-festival/,15/04/2024 22:34:20
Avatar: The Experience,28 Oct 2022 - 31 Mar 2023,"Cloud Forest, Gardens by the Bay",ENDED,https://thesmartlocal.com/read/avatar-the-experience-gbtb/,15/04/2024 22:34:20
Marquee Halloween 2022: Marqueeverse,-,"2 Bayfront Avenue B1-67, Galleria Level, The Shoppes at Marina Bay Sands, Singapore 018972",ENDED,https://thesmartlocal.com/read/marquee-halloween-2022/,15/04/2024 22:34:20
Dare To Roam,30 Oct 2022,"2 Orchard Link, *SCAPE, Singapore 237978",ENDED,https://thesmartlocal.com/read/circles-life-dare-to-roam/,15/04/2024 22:34:20
Seijo Ishii Pop-Up,04 - 17 Nov 2022,"350 Orchard Road, Level B1, Shaw House, Singapore 238868",ENDED,https://thesmartlocal.com/read/seijo-ishii-pop-up/,15/04/2024 22:34:20
The Doraemon Exhibition,05 Nov 2022 - 05 Feb 2023,National Museum of Singapore,ENDED,https://thesmartlocal.com/read/the-doraemon-exhibition-singapore/,15/04/2024 22:34:20
Dino Kart 3.0,10 Nov 2022 - 02 Apr 2023,Changi Airport Terminal 3,ENDED,https://thesmartlocal.com/read/dino-kart-changi-festive-village/,15/04/2024 22:34:20
Yellow Ribbon Community Arts Festival,12 - 13 Nov 2022,"18 Marina Gardens Drive, Gardens By The Bay, Singapore 018953 ",ENDED,https://thesmartlocal.com/read/yellow-ribbon-community-arts-festival-2022/,15/04/2024 22:34:20
Pokémon GO Safari Zone,18 - 20 Nov 2022,"18 Marina Gardens Drive, Gardens by the Bay, Singapore 018953",ENDED,https://thesmartlocal.com/read/pokemon-go-safari-zone/,15/04/2024 22:34:20
Mega Carnival,19 Nov 2022 - 05 Feb 2023,"1 Pasir Ris Close, D'Marquee, Downtown East, Singapore 519599",ENDED,https://thesmartlocal.com/read/downtown-east-christmas-2022/,15/04/2024 22:34:20
Giant Year-End Pasar Malam,19 Nov - 04 Dec 2022,"Giant Hypermarket, Outdoor Carpark, 21 Tampines North Drive 2, Singapore 528765",ENDED,https://thesmartlocal.com/read/giant-tampines-pasar-malam/,15/04/2024 22:34:20
PetExpo,25 - 27 Nov 2022,"1 Expo Drive, Singapore Expo Hall 6, Singapore 486150",ENDED,https://thesmartlocal.com/read/petexpo-2022/,15/04/2024 22:34:20
PLAYfiesta,25 Nov - 04 Dec 2022,"37 Emerald Hill Road, Singapore 229313",ENDED,https://thesmartlocal.com/read/playfiesta-singapore/,15/04/2024 22:34:20
KAWAIIMPRESSIONISM,26 Nov 2022 - 26 Mar 2023,"ART NOW, Raffles Hotel Arcade, 328 North Bridge Road, #02-32, Singapore 188719",ENDED,https://thesmartlocal.com/read/art-now-tokidoki-singapore/,15/04/2024 22:34:20
Ice Magic: The Great Fantasy On Ice,01 Dec 2022 - 29 Jan 2023,"12A Bayfront Avenue, Singapore 018970",ENDED,https://thesmartlocal.com/read/ice-magic-great-fantasy-on-ice/,15/04/2024 22:34:20
The Great Bay Fiesta,01 Dec 2022 - 01 Jan 2023,"12A Bayfront Avenue, Singapore 018970",ENDED,https://thesmartlocal.com/read/the-great-bay-fiesta/,15/04/2024 22:34:20
UNTAME: After Dark,02 - 11 Dec 2022,"15 Science Centre Road, Singapore 609081",ENDED,https://thesmartlocal.com/read/science-centre-untame-after-dark/,15/04/2024 22:34:20
Space Fest @ Expo,03 - 30 Dec 2022,"Outdoor Atrium & Hall 4, 1 Expo Drive, Singapore 486150",ENDED,https://thesmartlocal.com/read/space-fest-expo/,15/04/2024 22:34:20
Miffy'S Merry Wonderland And Christmas Market,14 - 25 Dec 2022,"2 Tampines Central 5, Singapore 529509",ENDED,https://thesmartlocal.com/read/tampines-1-century-square-christmas-2022/,15/04/2024 22:34:20
Miffy'S Merry Wonderland And Christmas Market,14 - 25 Dec 2022,"2 Tampines Central 5, Singapore 529509",ENDED,https://thesmartlocal.com/read/tampines-1-century-square-christmas-2022/,15/04/2024 22:34:20
Nothing Is Forever: Rethinking Sculpture In Singapore,23 Dec 2022 - 05 Feb 2023,"1 Saint Andrew's Road, National Gallery Singapore, Singapore 178957",ENDED,https://thesmartlocal.com/read/national-gallery-nothing-is-forever/,15/04/2024 22:34:20
Yayoi Kusama: Recent Paintings:#Yayoi Kusama: Recent Paintings_0,"11 Feb 2021 - 6th March 2021,Visit the Yayoi Kusama: Recent Paintings exhibition",,ENDED,https://thesmartlocal.com/read/yayoi-kusama-recent-paintings/,15/04/2024 22:34:20
Light To Night Festival 2021:#Decoding the Civic District,22nd – 23rd Jan and 29th – 30th Jan 2021,Photography by Huy Pham.,ENDED,https://thesmartlocal.com/read/light-to-night-festival-2021/,15/04/2024 22:34:20
Light To Night Festival 2021:#2,22nd – 23rd Jan and 29th – 30th Jan 2021,Get your tickets for Decoding the Civic District.,ENDED,https://thesmartlocal.com/read/light-to-night-festival-2021/,15/04/2024 22:34:20
Light To Night Festival 2021:#3,22nd – 31st Jan 2021,Find out more about Art Skins on Monuments,ENDED,https://thesmartlocal.com/read/light-to-night-festival-2021/,15/04/2024 22:34:20
Light To Night Festival 2021:#4,23rd & 30th Jan 2021,"National Gallery Singapore, City Hall Wing, Level B1, Auditorium and online",ENDED,https://thesmartlocal.com/read/light-to-night-festival-2021/,15/04/2024 22:34:20
Light To Night Festival 2021:#5,22nd – 31st Jan 2021,Padang,ENDED,https://thesmartlocal.com/read/light-to-night-festival-2021/,15/04/2024 22:34:20
Light To Night Festival 2021:#6,22nd – 31st Jan 2021,"National Gallery Singapore, Padang Atrium",ENDED,https://thesmartlocal.com/read/light-to-night-festival-2021/,15/04/2024 22:34:20
Light To Night Festival 2021:#7,18th Jan – 14th Feb 2021,Available on five cabins aboard one SMRT train travelling along the North-South and East-West lines,ENDED,https://thesmartlocal.com/read/light-to-night-festival-2021/,15/04/2024 22:34:20
Singapore Art Week 2021:#Find out more about Singapore Art Week 2021,22nd – 31st Jan 2021,,ENDED,https://thesmartlocal.com/read/singapore-art-week-2021/,15/04/2024 22:34:20
SCCC Moo Moo PARK,22 Jan - 28 Mar 2021,"Level 6, Singapore Chinese Cultural Centre, 1 Straits Boulevard, #11-01, Singapore 018906",ENDED,https://thesmartlocal.com/read/sccc-moo-moo-park/,15/04/2024 22:34:20
Capitol Singapore'S Chinese New Year Celebrations:#Chinese New Year Floral Jamming by Petals Artistry,30th Jan 2021,Photography by Tan Wen Lin.,ENDED,https://thesmartlocal.com/read/capitol-singapore-cny-2021/,15/04/2024 22:34:20
Magnum Mini Matcha World,10 Mar 2021,,ENDED,https://thesmartlocal.com/read/magnum-mini-matcha-world/,15/04/2024 22:34:20
Hungry Design,13 Mar 2021,,ENDED,https://thesmartlocal.com/read/hungry-design-exhibition/,15/04/2024 22:34:20
Kinokuniya Supermarket Pop-Up:#Get the latest updates on other events & promos with JAPAN RAIL CAFE here,5th – 18th March 2021,Photography by Natalie Ng.,ENDED,https://thesmartlocal.com/read/kinokuniya-supermarket-pop-up/,15/04/2024 22:34:20
Arts In Your Neighbourhood - Pasir Ris:#Stories On Site: On Trek To Otter Greatness,11th – 28th March 2021,"Cover image adapted from: NAC, Annabelle Fernandez.",ENDED,https://thesmartlocal.com/read/things-to-do-in-pasir-ris/,15/04/2024 22:34:20
Dale Chihuly: Glass In Bloom,01 May - 01 Aug 2021,Gardens by the Bay,ENDED,https://thesmartlocal.com/read/gbtb-glass-in-bloom/,15/04/2024 22:34:20
CEE Festival 2021,31 May 2021,,ENDED,https://thesmartlocal.com/read/cee-festival-2021/,15/04/2024 22:34:20
"Da Vinci, The Exhibition",18 Jun 2021 - 02 Jan 2022,Science Centre Singapore,ENDED,https://thesmartlocal.com/read/science-centre-da-vinci-exhibit/,15/04/2024 22:34:20
Coach: Tomorrow’S Vintage,21 Aug - 12 Sep 2021,1 Teck Lim Road,ENDED,https://thesmartlocal.com/read/coach-pop-up-2021/,15/04/2024 22:34:20
SAFRA Swim For Hope 2021,30 Oct - 05 Dec 2021,Multiple locations,ENDED,https://thesmartlocal.com/read/safra-swim-for-hope-2021/,15/04/2024 22:34:20
Baybeats 2021,04 Nov 2021,,ENDED,https://thesmartlocal.com/read/baybeats-2021/,15/04/2024 22:34:20
Good Design Research,15 Nov 2021 - 30 Sep 2022,National Design Centre,ENDED,https://thesmartlocal.com/read/good-design-research-exhibit/,15/04/2024 22:34:20
Otah & Friends: Camp Stardust,15 Nov 2021 - 20 Mar 2022,National Museum of Singapore,ENDED,https://thesmartlocal.com/read/otah-and-friends-national-museum-singapore/,15/04/2024 22:34:20
"Quayside Isle At Sentosa Cove Has Xmas Dining Deals, Pokémon Merch & Festive Lights By The Waterfront",19 Nov - 31 Dec 2021,"31 Ocean Way, Sentosa Cove, Singapore 098375",ENDED,https://thesmartlocal.com/read/quayside-isle-christmas-2021/,15/04/2024 22:34:20
City Square Mall Pokemon Wonderland,19 Nov - 29 Dec 2021,City Square Mall,ENDED,https://thesmartlocal.com/read/city-square-mall-pokemon/,15/04/2024 22:34:20
Pop-Up Disney! A Mickey Celebration,19 Nov 2021 - 20 Mar 2022,Suntec Convention Centre,ENDED,https://thesmartlocal.com/read/disney-pop-up-singapore/,15/04/2024 22:34:20
Chinatown Point - Wonders Of Christmas Celebration:#Find out more about Christmas at Chinatown Point here_0,"Chinatown Point’s Wonders of Christmas celebration,Wonders of Christmas,31st December,Snap pictures with a super-sized fairy light ornament tunnel,limited-edition Hush scented c",Photography by Clement Sim.,ENDED,https://thesmartlocal.com/read/chinatown-point-christmas-2021/,15/04/2024 22:34:20
Chinatown Point - Wonders Of Christmas Celebration:#Find out more about Christmas at Chinatown Point here_1,"le,Feast on holiday treats at Chinatown Point’s pop-up Christmas Market,St",Photography by Clement Sim.,ENDED,https://thesmartlocal.com/read/chinatown-point-christmas-2021/,15/04/2024 22:34:20
Chinatown Point - Wonders Of Christmas Celebration:#Find out more about Christmas at Chinatown Point here_2," a chance to win up to $1,500 worth of prizes,$1,500 worth of prizes,Celebrate Christmas at Chinatown Point,02 Dec 2021 - 7th December.,Find out more about Christmas at Chinatown Point here",Photography by Clement Sim.,ENDED,https://thesmartlocal.com/read/chinatown-point-christmas-2021/,15/04/2024 22:34:20
West Mall - A Jolly Christmas 2021,26 Nov - 25 Dec 2021,West Mall,ENDED,https://thesmartlocal.com/read/west-mall-christmas-2021/,15/04/2024 22:34:20
Glamping By The Runway,26 Nov 2021 - 02 Jan 2022,Changi Airport Terminal 4,ENDED,https://thesmartlocal.com/read/glamping-by-the-runway/,15/04/2024 22:34:20
Capitol Singapore And CHIJMES Christmas:#Capitol Kempinski Christmas Market,08 Dec 2021 - 26th December 2021,Photography by Ian Sim.,ENDED,https://thesmartlocal.com/read/capitol-singapore-chijmes-christmas/,15/04/2024 22:34:20
RSAF Open House 2021,12 Dec 2021,Paya Lebar Airbase,ENDED,https://thesmartlocal.com/read/rsaf-open-house-2021/,15/04/2024 22:34:20
Dome Dining At Capitol Singapore:#Capitol Singapore’s Dome Dining,07 Dec 2021 - 26th December 2021,Cover image adapted from: Eatbook,ENDED,https://thesmartlocal.com/read/capitol-singapore-dome-dining-2021/,15/04/2024 22:34:20
Christmas Wonderland 2021:#Christmas Wonderland 2021,10 Dec 2021 - 2nd January 2022,Photography by Tasha Sun.,ENDED,https://thesmartlocal.com/read/christmas-wonderland-2021/,15/04/2024 22:34:20
Nam June Paik: The Future Is Now:#Nam June Paik: The Future Is Now,12 Jan 2022 - 27th March 2022,"Cover image adapted from: @nationalgallerysingapore, @suditiprasad",ENDED,https://thesmartlocal.com/read/nam-june-paik-national-gallery-singapore/,15/04/2024 22:34:20
Kallang Wave Mall CNY 2020,01 - 31 Jan 2020,Kallang Wave Mall,ENDED,https://thesmartlocal.com/read/kallang-wave-mall-cny-2020/,15/04/2024 22:34:20
VivoCity Chinese New Year 2020,03 - 24 Jan 2020,"VivoCity, 1 HarbourFront Walk, Singapore 098585",ENDED,https://thesmartlocal.com/read/vivocity-cny-2020/,15/04/2024 22:34:20
Chinese New Year 2020 At Chinatown Point,03 - 24 Jan 2020,"133 New Bridge Road, #B1-50A, Chinatown Point, Singapore 059413",ENDED,https://thesmartlocal.com/read/chinatown-point-cny-2020/,15/04/2024 22:34:20
"Big On Entertainment, Big On Fun", 11 Jan 2020,,ENDED,https://thesmartlocal.com/read/cathay-cineplex-amk-hub/,15/04/2024 22:34:20
Compass One CNY Food Fair,06 - 23 Jan 2020,"1 Sengkang Square, Singapore 545078",ENDED,https://thesmartlocal.com/read/compass-one-cny/,15/04/2024 22:34:20
Light To Night Festival 2020,10 - 19 Jan 2020,Civic District,ENDED,https://thesmartlocal.com/read/light-to-night-festival-2020/,15/04/2024 22:34:20
SCCC RE•MIX,10 - 12 Jan 2020,"1 Straits Boulevard, Singapore 018906",ENDED,https://thesmartlocal.com/read/sccc-event-2020/,15/04/2024 22:34:20
Singapore Art Week 2020:#SAFRA Punggol,18th Jan 2020,This post was brought to you by National Arts Council.,ENDED,https://thesmartlocal.com/read/singapore-art-week-2020/,15/04/2024 22:34:20
Changi Recommends “Around The World” Travel Fair,17 - 19 Jan 2020,"Cloud 9 Piazza, Level 5, Jewel Changi Airport, 78 Airport Blvd, Singapore 819666",ENDED,https://thesmartlocal.com/read/changi-recommends-travel-fair-jewel-changi/,15/04/2024 22:34:20
FSM INVEST Expo 2020,18 Jan 2020,Suntec Convention Centre (Hall 403),ENDED,https://thesmartlocal.com/read/investment-and-financial-terms/,15/04/2024 22:34:20
Will You Do You? Exhibition By Singapore Discovery Centre,21 Jan - 22 Mar 2020,"510 Upper Jurong Road, Singapore Discovery Centre, Singapore 638365",ENDED,https://thesmartlocal.com/read/total-defence-day-singapore/,15/04/2024 22:34:20
Chatuchak Night Market Singapore:#Phad Thai Vanna_0,"Until 29th March 2020, every Tue to Sun (Updated)",Photography by Kurtis Ma and Olivia Tan.,ENDED,https://thesmartlocal.com/read/chatuchak-night-market-singapore/,15/04/2024 22:34:20
Guinness St. Patrick'S Festival 2020,01 - 31 Mar 2020,Various participating outlets for redemption,ENDED,https://thesmartlocal.com/read/guinness-st-patricks-festival-2020/,15/04/2024 22:34:20
Robinsons Plaza Singapura Atrium Sale,16 - 22 Mar 2020,"68 Orchard Road, Plaza Singapura Level 1 Atrium,Singapore 238839",ENDED,https://thesmartlocal.com/read/robinsons-plaza-singapura/,15/04/2024 22:34:20
Gain City Tech Show,21 - 22 Mar 2020,"Gain City Megastore, 71 Sungei Kadut Drive, Singapore 729577",ENDED,https://thesmartlocal.com/read/gain-city-tech-show/,15/04/2024 22:34:20
Healthy Chinatown:#Traditional Street Games,21st & 22nd March 2020,This post was brought to you by Chinatown.,ENDED,https://thesmartlocal.com/read/healthy-chinatown-event/,15/04/2024 22:34:20
Healthy Chinatown:#2,21st & 22nd March 2020,"Locations: Pagoda Street, Sago Street, and Trengganu Street",ENDED,https://thesmartlocal.com/read/healthy-chinatown-event/,15/04/2024 22:34:20
Safari Zoo Run 2020,29 Mar 2020,"Singapore Zoo, Night Safari, River Safari",ENDED,https://thesmartlocal.com/read/safari-zoo-run-2020/,15/04/2024 22:34:20
Tekka Online Market,11 May 2020,,ENDED,https://thesmartlocal.com/read/tekka-online-market/,15/04/2024 22:34:20
Singapore Heritage Festival: Digital Edition 2020,26 Jun 2020,,ENDED,https://thesmartlocal.com/read/downtown-singapore-past/,15/04/2024 22:34:20
The Suntec Shopping Festival 2020,17 Jun 2020,,ENDED,https://thesmartlocal.com/read/suntec-city-live-stream/,15/04/2024 22:34:20
Onward55Singapore:#SingNation!,8th August 2020,"Cover image adapted from: Hopscotch, @famoustreasure.",ENDED,https://thesmartlocal.com/read/capitol-chijmes-national-day-2020/,15/04/2024 22:34:20
Onward55Singapore:#2,8th August 2020,Time: 8PM-8.45PM,ENDED,https://thesmartlocal.com/read/capitol-chijmes-national-day-2020/,15/04/2024 22:34:20
Onward55Singapore:#3,9th August 2020,Time: 10.30AM,ENDED,https://thesmartlocal.com/read/capitol-chijmes-national-day-2020/,15/04/2024 22:34:20
Onward55Singapore:#4,15th August 2020,Time: 8PM-9.30PM,ENDED,https://thesmartlocal.com/read/capitol-chijmes-national-day-2020/,15/04/2024 22:34:20
Onward55Singapore:#Royal Entertainment – 7 sets of music performances titled ‘Colour Your Life’,9th August 2020,Time: 8PM-8.30PM,ENDED,https://thesmartlocal.com/read/capitol-chijmes-national-day-2020/,15/04/2024 22:34:20
Onward55Singapore:#6,16th August 2020,"Time:  8PM-8.30PM, 9PM-9.30PM",ENDED,https://thesmartlocal.com/read/capitol-chijmes-national-day-2020/,15/04/2024 22:34:20
City Square Mall - National Day Promos 2020,31 Jul - 30 Aug 2020,180 Kitchener Road Singapore 208539,ENDED,https://thesmartlocal.com/read/city-square-mall-promotions-2020/,15/04/2024 22:34:20
Skechers:#Find out more about the Skechers Friendship Walk 2020 here,7th – 20th September 2020,,ENDED,https://thesmartlocal.com/read/skechers-friendship-walk-2020/,15/04/2024 22:34:20
Chinatown Point Mid-Autumn Event 2020,15 Sep - 04 Oct 2020,"Chinatown Point, 133 New Bridge Rd, Singapore 059413",ENDED,https://thesmartlocal.com/read/chinatown-point-mid-autumn-2020/,15/04/2024 22:34:20
Lotte Duty Free Online Family Concert,23 Sep 2020,,ENDED,https://thesmartlocal.com/read/lotte-duty-free-concert/,15/04/2024 22:34:20
FairPrice Made In Singapore Food Fair,01 - 14 Oct 2020,All FairPrice supermarkets islandwide,ENDED,https://thesmartlocal.com/read/singapore-food-brands/,15/04/2024 22:34:20
SIFA 2020,19 Nov 2020,,ENDED,https://thesmartlocal.com/read/sifa-2020/,15/04/2024 22:34:20
Swim For Hope 2020, 17 Oct - 15 Nov 2020,,ENDED,https://thesmartlocal.com/read/safra-swim-for-hope-2020/,15/04/2024 22:34:20
National Arts’ Council'S Arts In Your Neighbourhood:#District 14: 7 Kali Bah,16th-22nd and 29th November 2020 (finale),Cover image adapted from: P7:1SMA and TheSmartLocal,ENDED,https://thesmartlocal.com/read/things-to-do-kallang-geylang/,15/04/2024 22:34:20
National Arts’ Council'S Arts In Your Neighbourhood:#3,12th-29th November 2020,Dates: 12th-29th November 2020,ENDED,https://thesmartlocal.com/read/things-to-do-kallang-geylang/,15/04/2024 22:34:20
National Arts’ Council'S Arts In Your Neighbourhood:#4,14th November 2020,View at: National Arts Council Singapore,ENDED,https://thesmartlocal.com/read/things-to-do-kallang-geylang/,15/04/2024 22:34:20
National Arts’ Council'S Arts In Your Neighbourhood:#5,15th November 2020,View at: National Arts Council Singapore,ENDED,https://thesmartlocal.com/read/things-to-do-kallang-geylang/,15/04/2024 22:34:20
One Raffles Place - A Joyous Christmas 2020,19 Nov - 30 Dec 2020,"1 Raffles Place, Singapore 048616",ENDED,https://thesmartlocal.com/read/one-raffles-place-christmas-2020/,15/04/2024 22:34:20
Capitol Singapore Christmas Market,20 Nov - 25 Dec 2020,"11 Stamford Road, Singapore 178884",ENDED,https://thesmartlocal.com/read/capitol-singapore-christmas-market/,15/04/2024 22:34:20
Capitol Singapore & CHIJMES Christmas 2020:#Christmas Market,20th November – 25th December 2020,Photography by Edmund Wong.,ENDED,https://thesmartlocal.com/read/capitol-chijmes-christmas-2020/,15/04/2024 22:34:20
Onthelist Year-End Sale 2020,25 - 28 Nov 2020,"16 Collyer Quay, Change Alley Mall, Singapore 049318",ENDED,https://thesmartlocal.com/read/onthelist-year-end-sale-2020/,15/04/2024 22:34:20
VivoCity Black Friday Sale 2020,27 - 29 Nov 2020,"1 HarbourFront Walk, Singapore 098585",ENDED,https://thesmartlocal.com/read/vivocity-black-friday-2020/,15/04/2024 22:34:20
Night Safari Singapore - Wild About Twilight,02 Dec 2020,,ENDED,https://thesmartlocal.com/read/night-safari-wild-about-twilight/,15/04/2024 22:34:20
Clean & Green Singapore Virtual Carnival:#Tote Bag Making Workshop with Nurul Aini,28th November 2020,Cover image adapted from: NEA,ENDED,https://thesmartlocal.com/read/clean-and-green-singapore-2020/,15/04/2024 22:34:20
Waterway Point Christmas 2020,04 Dec 2020,,ENDED,https://thesmartlocal.com/read/waterway-point-christmas-2020/,15/04/2024 22:34:20
City Square Mall Christmas 2020:#PAW-some Dino Rescue Treasure Adventure,08 Dec 2020 - 27th December 2020,Tweet,ENDED,https://thesmartlocal.com/read/city-square-mall-christmas-2020/,15/04/2024 22:34:20
Sentosa Island Lights With Sanrio Characters,12 Dec 2020 - 03 Jan 2021,"50 Siloso Beach Walk, Siloso Beach, Sentosa",ENDED,https://thesmartlocal.com/read/sentosa-island-lights-sanrio/,15/04/2024 22:34:20
Marina Square Emoji™ Pop-Up,31 May - 31 Aug 2019,"Marina Square, 6 Raffles Boulevard, Singapore 039594",ENDED,https://thesmartlocal.com/read/marina-square-emoji-pop-up/,15/04/2024 22:34:20
VivoCity Kids Club’S Holiday Carnival,05 - 16 Jun 2019,Vivo City,ENDED,https://thesmartlocal.com/read/vivocity-kids-carnival-2019/,15/04/2024 22:34:20
OnTheList,12 - 15 Jun 2019,"137 Cecil Street, #02-02 Singapore 069537",ENDED,https://thesmartlocal.com/read/furla-flash-sale-2019/,15/04/2024 22:34:20
Invest Travel Play Course Preview,13 Jun 2019,"Level 3, Suntec City Convention Centre",ENDED,https://thesmartlocal.com/read/investment-course/,15/04/2024 22:34:20
Savour Around The Clock,14 Jun - 12 Jul 2019,Harbourfront Centre,ENDED,https://thesmartlocal.com/read/harbourfront-centre-gss-2019/,15/04/2024 22:34:20
Rainforest Lumina,14 Jun 2019 - 09 Feb 2020,"80 Mandai Lake Road, Singapore 729826",ENDED,https://thesmartlocal.com/read/rainforest-lumina-photography-tips/,15/04/2024 22:34:20
Gardens By The Bay'S Children'S Festival,15 Jun - 30 Jul 2019,Gardens by the Bay,ENDED,https://thesmartlocal.com/read/gbtb-childrens-festival-2019/,15/04/2024 22:34:20
1-For-1 Martinis,17 - 23 Jun 2019,"5 Emerald Hill Road, Singapore 229289",ENDED,https://thesmartlocal.com/read/5-emerald-hill-cocktail-week-2019/,15/04/2024 22:34:20
TRANSPORTA,19 - 30 Jun 2019,"Supertree Grove Lawn, Gardens by the Bay",ENDED,https://thesmartlocal.com/read/transporta-gbtb/,15/04/2024 22:34:20
Meiji Run 2019,29 Jun 2019,"Palawan Green, Sentosa",ENDED,https://thesmartlocal.com/read/meiji-run-2019/,15/04/2024 22:34:20
Faber Peak & Sentosa 45th Anniversary Deals,05 Jul 2019,,ENDED,https://thesmartlocal.com/read/faber-peak-sentosa-discounts/,15/04/2024 22:34:20
Lock City Singapore,01 - 28 Jul 2019,"11 Tanjong Katong Rd, Singapore 436950",ENDED,https://thesmartlocal.com/read/kinex-mall/,15/04/2024 22:34:20
313@Somerset GSS Event,01 - 14 Jul 2019,"313@somerset, Level 1 Atrium, 313 Orchard Rd, Singapore 238895",ENDED,https://thesmartlocal.com/read/313-somerset-gss-2019/,15/04/2024 22:34:20
Moist Diane #PerfectBeautyLab Pop-Up:#1, 04 - 07 Jul 2019,Moist Diane #PerfectBeautyLab Pop-up,ENDED,https://thesmartlocal.com/read/moist-diane-perfect-beauty/,15/04/2024 22:34:20
Game On! At The Quay,04 - 06 Jul 2019,"3 River Valley Road, Clarke Quay Fountain Square, Singapore 179019",ENDED,https://thesmartlocal.com/read/clarke-quay-game-carnival-2019/,15/04/2024 22:34:20
M3 Youth Festival,06 Jul 2019,"PassionWave, Jurong Lake Gardens",ENDED,https://thesmartlocal.com/read/m3-youth-festival-2019/,15/04/2024 22:34:20
Food X Tech:#1_0,"13th & 14th July 2019, 12PM-9PM (10 challenges per day – 30 min each)",Marina Square Central Atrium (Level 2),ENDED,https://thesmartlocal.com/read/google-home-marina-square/,15/04/2024 22:34:20
Food X Tech:#2,10th – 14th July 2019,Central Atrium,ENDED,https://thesmartlocal.com/read/google-home-marina-square/,15/04/2024 22:34:20
ACUVUE® Pop-Up:#1,12th-14th July 2019,"Outside Mandarin Gallery, 333A Orchard Rd, Singapore 238897",ENDED,https://thesmartlocal.com/read/acuvue-oasys/,15/04/2024 22:34:20
Singapore Food Festival,12 - 28 Jul 2019,Various outlets around Singapore,ENDED,https://thesmartlocal.com/read/singapore-food-festival-2019/,15/04/2024 22:34:20
Challenger Sale, 13 - 14 Jul 2019,,ENDED,https://thesmartlocal.com/read/challenger-new-outlets/,15/04/2024 22:34:20
Singapore Sports Hub Community Play Day - Summer Sports Jam,13 Jul 2019,OCBC Square,ENDED,https://thesmartlocal.com/read/sports-hub-summer-jam/,15/04/2024 22:34:20
Harvey Norman Charity Auction 2019,13 - 14 Jul 2019,"No. 9 Raffles Boulevard, #01-59 to 63, Millenia Walk, Singapore 039596",ENDED,https://thesmartlocal.com/read/harvey-norman-millenia-walk/,15/04/2024 22:34:20
MCCY'S Celebrating Our Culture Of Care,13 - 14 Jul 2019,"Chong Pang Amphitheatre, Yishun Avenue 5, Singapore 763101",ENDED,https://thesmartlocal.com/read/sg-cares-volunteer/,15/04/2024 22:34:20
Sift & Pick Pop-Up,20 Jul 2019,,ENDED,https://thesmartlocal.com/read/sift-pick-pop-up-2019/,15/04/2024 22:34:20
Chan Brothers Must Buy Sandsational Travel Fair,10 Jul 2019,,ENDED,https://thesmartlocal.com/read/chan-brothers-travel-fair/,15/04/2024 22:34:20
VivoCity National Day 2019 Promos:#1_0,"3rd, 4th, 10th & 11th August",Time: 12PM-8.30PM (Last session: 8:15pm),ENDED,https://thesmartlocal.com/read/vivocity-national-day/,15/04/2024 22:34:20
VivoCity National Day 2019 Promos:#2,,Website,ENDED,https://thesmartlocal.com/read/vivocity-national-day/,15/04/2024 22:34:20
Youth Corps Learning Festival 2019,12 Jul 2019,,ENDED,https://thesmartlocal.com/read/youth-corps-learning-festival-2019/,15/04/2024 22:34:20
Gai Gai Carnival:#1_0,"26th-28th July, 2nd-4th August 2019",Admission: Free,ENDED,https://thesmartlocal.com/read/suntec-city-gai-gai-carnival/,15/04/2024 22:34:20
Sentosa GrillFest,26 - 28 Jul 2019,"Siloso Beach, Sentosa",ENDED,https://thesmartlocal.com/read/sentosa-grillfest-2019/,15/04/2024 22:34:20
Sentosa GrillFest,02 - 04 Aug 2019,"Siloso Beach, Sentosa",ENDED,https://thesmartlocal.com/read/sentosa-grillfest-2019/,15/04/2024 22:34:20
Sentosa GrillFest,09 - 12 Aug 2019,"Siloso Beach, Sentosa",ENDED,https://thesmartlocal.com/read/sentosa-grillfest-2019/,15/04/2024 22:34:20
Earnest & Collective Pop-Up,29 Jul - 04 Aug 2019,"Basement 2, Tanjong Pagar Centre (Guoco Tower), 1 Wallich Street, Singapore 078881",ENDED,https://thesmartlocal.com/read/earnest-collective-pop-up/,15/04/2024 22:34:20
Warehouse Club National Day Open House,01 - 21 Aug 2019,"Warehouse Club, 1 Joo Koon Circle, Level 3, Singapore 629117",ENDED,https://thesmartlocal.com/read/warehouse-club-open-house-2019/,15/04/2024 22:34:20
InstaKindness With Singa:#Find out more about the InstaKindness with Singa pop-up here,1st – 18th August 2019,,ENDED,https://thesmartlocal.com/read/singa-lion-pop-up-2019/,15/04/2024 22:34:20
Its All Things Local,02 - 14 Aug 2019,KINEX,ENDED,https://thesmartlocal.com/read/kinex-ang-ku-kueh/,15/04/2024 22:34:20
YOUTHˣ Festival 2019,03 - 04 Aug 2019,Singapore Sports Hub,ENDED,https://thesmartlocal.com/read/youthx-festival-2019/,15/04/2024 22:34:20
HarbourFront Centre’S National Day Celebration,19 Jul 2019,HarbourFront,ENDED,https://thesmartlocal.com/read/harbourfront-centre-national-day/,15/04/2024 22:34:20
Reebok Flagship Store Launch Event,07 - 11 Aug 2019,"Orchard Central, Level 1 Atrium, 181 Orchard Road, Singapore 238896",ENDED,https://thesmartlocal.com/read/reebok-orchard-central/,15/04/2024 22:34:20
National Day Concert At Gardens By The Bay,10 - 11 Aug 2019,"18 Marina Gardens Dr, Singapore 018953",ENDED,https://thesmartlocal.com/read/national-day-concert/,15/04/2024 22:34:20
Jurong Point Mid-Autumn Festival,16 Aug - 15 Sep 2019,Jurong Point,ENDED,https://thesmartlocal.com/read/jurong-point-mid-autumn-festival/,15/04/2024 22:34:20
Festivities Under The Moonlight:#Festive Craft Workshops,30th August – 13th September 2019,This post was brought to you by Chinatown Point.,ENDED,https://thesmartlocal.com/read/chinatown-point-mid-autumn-2019/,15/04/2024 22:34:20
Aviation Open House 2019,16 - 17 Aug 2019,Suntec City Convention Centre (Hall 403 & 404),ENDED,https://thesmartlocal.com/read/aviation-open-house-2019/,15/04/2024 22:34:20
SG Cares “Celebrating Our Culture Of Care” Event,17 - 18 Aug 2019,"Our Tampines Hub, 1 Tampines Walk, Singapore 528523",ENDED,https://thesmartlocal.com/read/heartware-network-volunteer/,15/04/2024 22:34:20
VivoCity'S Curious Adventures In Wonderland,23 Aug - 22 Sep 2019,"1 Harbourfront Walk, VivoCity Level 3 Sky Park, Singapore 098585",ENDED,https://thesmartlocal.com/read/vivocity-mid-autumn-2019/,15/04/2024 22:34:20
SAFRA Mount Faber Out-Of-Office Open House 2019:#Find out more about SAFRA Mount Faber Out-of-Office Open House 2019 here_0,"Saturday, 24th August 2019",Tweet,ENDED,https://thesmartlocal.com/read/safra-mt-faber-open-house/,15/04/2024 22:34:20
The Little Prince At Junction 8,26 Aug - 01 Sep 2019,Junction 8,ENDED,https://thesmartlocal.com/read/junction-8-the-little-prince/,15/04/2024 22:34:20
AptaAdvantage Resilience Day Out 2019,31 Aug 2019,Stadium Roar at Singapore Sports Hub,ENDED,https://thesmartlocal.com/read/aptaadvantage-resilience-day-out/,15/04/2024 22:34:20
SMU Arts Festival 2019,06 - 15 Sep 2019,"SMU, 81 Victoria St, Singapore 188065",ENDED,https://thesmartlocal.com/read/smu-arts-festival-2019/,15/04/2024 22:34:20
Capitol Singapore September Weekend Events,06 - 22 Sep 2019,"ARCADE @ THE CAPITOL KEMPINSKI + CAPITOL SINGAPORE, OUTDOOR PLAZA",ENDED,https://thesmartlocal.com/read/capitol-singapore-september-2019/,15/04/2024 22:34:20
Japan Summer Festival 2019,07 - 08 Sep 2019,"National Stadium, 1 Stadium Drive, Singapore 397629",ENDED,https://thesmartlocal.com/read/japan-summer-festival-2019/,15/04/2024 22:34:20
Hello Kitty Run 2019,07 Sep 2019,"The Meadows, Gardens by the Bay",ENDED,https://thesmartlocal.com/read/hello-kitty-run-2019/,15/04/2024 22:34:20
Mid Autumn Yeah!,13 - 14 Sep 2019,"Singapore Chinese Cultural Centre, 1 Straits Boulevard, Singapore 018906",ENDED,https://thesmartlocal.com/read/sccc-mid-autumn-fest/,15/04/2024 22:34:20
One-North Festival 2019,13 - 14 Sep 2019,"Fusionopolis One, 1 Fusionopolis Pl, Singapore 138632",ENDED,https://thesmartlocal.com/read/one-north-festival-2019/,15/04/2024 22:34:20
Marina Square Black Friday Scavenger Hunt,14 - 24 Sep 2019,"Marina Square, 6 Raffles Blvd, Singapore 039594",ENDED,https://thesmartlocal.com/read/marina-square-black-friday/,15/04/2024 22:34:20
Yellow Ribbon Prison Run 2019:#1,15th September 2019 (Registration closes on 18th August 2019),"SAF Field, Farnborough Road",ENDED,https://thesmartlocal.com/read/yellow-ribbon-run-2019/,15/04/2024 22:34:20
Singapore Grand Prix 2019,20 - 22 Sep 2019,Marina Bay Street Circuit,ENDED,https://thesmartlocal.com/read/f1-singapore-2019/,15/04/2024 22:34:20
Singapore Navy Poly/ITE Sponsorship And Career Seminar,20 Sep 2019,"The Joyden Hall, Bugis+, 201 Victoria Street, #07-01, Singapore 188067",ENDED,https://thesmartlocal.com/read/singapore-navy-career-seminar-2019/,15/04/2024 22:34:20
AECC Global Education Fair,21 Sep 2019,"Bistro@DUO Galleria, 7 Fraser Street, #01-25/26, Singapore 189356",ENDED,https://thesmartlocal.com/read/aecc-global-education-fair/,15/04/2024 22:34:20
Batman Run,21 Sep 2019,Marina Barrage,ENDED,https://thesmartlocal.com/read/batman-run-2019/,15/04/2024 22:34:20
Halloween Horror Nights 9,27 Sep - 31 Oct 2019,"Universal Studios Singapore, Resorts World Sentosa, 8 Sentosa Gateway, Singapore 098269",ENDED,https://thesmartlocal.com/read/halloween-horror-nights-2019/,15/04/2024 22:34:20
Beyond The Label Fest,19 Sep 2019,,ENDED,https://thesmartlocal.com/read/beyond-the-label-fest/,15/04/2024 22:34:20
No.5 Emerald Hill Beach Party,28 Sep 2019,"5 Emerald Hill Road, Singapore 229289",ENDED,https://thesmartlocal.com/read/no-5-emerald-hill-2019/,15/04/2024 22:34:20
B.Y.O Cinema,28 Sep 2019,"Fort Canning Green, Fort Canning Park",ENDED,https://thesmartlocal.com/read/byo-free-cinema/,15/04/2024 22:34:20
Singapore Red Cross 70th Anniversary Commemorative Exhibition,01 - 06 Oct 2019,Junction 8,ENDED,https://thesmartlocal.com/read/singapore-heroes/,15/04/2024 22:34:20
Singapore Red Cross 70th Anniversary Commemorative Exhibition,07 - 12 Oct 2019,Raffles City Singapore,ENDED,https://thesmartlocal.com/read/singapore-heroes/,15/04/2024 22:34:20
Singapore Red Cross 70th Anniversary Commemorative Exhibition,14 - 20 Oct 2019,The Star Vista,ENDED,https://thesmartlocal.com/read/singapore-heroes/,15/04/2024 22:34:20
Singapore Red Cross 70th Anniversary Commemorative Exhibition,23 Oct - 03 Nov 2019,Heartbeat@Bedok,ENDED,https://thesmartlocal.com/read/singapore-heroes/,15/04/2024 22:34:20
Halloween 2019 At 313@Somerset,01 - 31 Oct 2019,"313 Orchard Rd, Singapore 238895",ENDED,https://thesmartlocal.com/read/313-somerset-halloween-2019/,15/04/2024 22:34:20
Winter Time 21st Anniversary Expo Sale,04 - 13 Oct 2019,"Singapore Expo Hall 6A, 1 Expo Drive, Singapore 486150",ENDED,https://thesmartlocal.com/read/winter-time-expo-sale-2019/,15/04/2024 22:34:20
Dessert Museum Pop-Up:#1,4th – 27th October 2019,Website,ENDED,https://thesmartlocal.com/read/dessert-museum/,15/04/2024 22:34:20
Klook Travel Festival 2019,05 - 06 Oct 2019,"1 Raffles Boulevard, Suntec City Convention Centre Hall 401 & 402, Singapore 039593",ENDED,https://thesmartlocal.com/read/klook-travel-festival-2019/,15/04/2024 22:34:20
On The List Moleskine Sale,10 - 11 Oct 2019,"137 Cecil Street, Hengda Building, #02-02, Singapore 069537",ENDED,https://thesmartlocal.com/read/on-the-list-moleskine/,15/04/2024 22:34:20
On The List Moleskine Sale,12 Oct 2019,"137 Cecil Street, Hengda Building, #02-02, Singapore 069537",ENDED,https://thesmartlocal.com/read/on-the-list-moleskine/,15/04/2024 22:34:20
SAFRA Swim For Hope,11 Oct 2019,SAFRA Mount Faber & Yishun,ENDED,https://thesmartlocal.com/read/safra-swim-for-hope-2019/,15/04/2024 22:34:20
SAFRA Swim For Hope,12 Oct 2019,SAFRA Toa Payoh & Jurong,ENDED,https://thesmartlocal.com/read/safra-swim-for-hope-2019/,15/04/2024 22:34:20
SAFRA Swim For Hope,13 Oct 2019,SAFRA Tampines,ENDED,https://thesmartlocal.com/read/safra-swim-for-hope-2019/,15/04/2024 22:34:20
The GREAT Wine & Dine Festival 2019,11 - 12 Oct 2019,Resorts World Sentosa,ENDED,https://thesmartlocal.com/read/wine-dine-festival-2019/,15/04/2024 22:34:20
Go Yellow With Scoot,18 - 20 Oct 2019,"435 Orchard Road, Wisma Atria Outdoor Atrium, Level 2, Singapore 238877",ENDED,https://thesmartlocal.com/read/scoot-go-yellow/,15/04/2024 22:34:20
The Bubble Tea Factory,19 Oct - 18 Dec 2019,"*SCAPE Underground Orchard, 2 Orchard Link, Singapore 237978",ENDED,https://thesmartlocal.com/read/bubble-tea-factory/,15/04/2024 22:34:20
Winter Time Extravagant Sale 2019,25 Oct - 03 Nov 2019,Singapore Expo Hall 6A,ENDED,https://thesmartlocal.com/read/winter-time-extravagant-sale-2019/,15/04/2024 22:34:20
Disney: Magic Of Animation,26 Oct 2019 - 29 Mar 2020,"Artscience Museum at Marina Bay Sands, 6 Bayfront Ave, Singapore 018974",ENDED,https://thesmartlocal.com/read/disney-mbs/,15/04/2024 22:34:20
Guinness Great Grill Out 2019,02 - 03 Nov 2019,"Core Collective Dempsey, 27A, 30B/C Loewen Road, Singapore 248839",ENDED,https://thesmartlocal.com/read/guinness-great-grill-out/,15/04/2024 22:34:20
Arts In Your Neighbourhood:#Five Stones Public Art Installation,7th – 24th November 2019,This post was brought to you by National Arts Council.,ENDED,https://thesmartlocal.com/read/things-to-do-punggol-ayn-2019/,15/04/2024 22:34:20
Kallang Wave Mall Christmas,08 Nov - 29 Dec 2019,"Kallang Wave Mall, 1 Stadium Place, Singapore 397628",ENDED,https://thesmartlocal.com/read/kallang-wave-mall-christmas/,15/04/2024 22:34:20
Winter Time,08 - 10 Nov 2019,Suntec Convention Centre,ENDED,https://thesmartlocal.com/read/winter-time-suntec-sale-2019/,15/04/2024 22:34:20
Bazaar By The Pier 2019,09 - 10 Nov 2019,Singapore Maritime Gallery (Marina South Pier),ENDED,https://thesmartlocal.com/read/bazaar-by-the-pier-2019/,15/04/2024 22:34:20
SAFRA Entrepreneurs' Marketplace 2019,09 - 10 Nov 2019,SAFRA Toa Payoh,ENDED,https://thesmartlocal.com/read/safra-entrepreneurs-marketplace-2019/,15/04/2024 22:34:20
Learning Neighbourhood @ Geylang Serai,11 - 16 Nov 2019,Various locations,ENDED,https://thesmartlocal.com/read/learning-neighbourhood-geylang-serai/,15/04/2024 22:34:20
Doraemon Pop-Up,15 Nov - 26 Dec 2019,"AMK Hub, 53 Ang Mo Kio Avenue 3, Singapore 569933",ENDED,https://thesmartlocal.com/read/amk-jurong-point-doraemon/,15/04/2024 22:34:20
Doraemon Pop-Up,15 Nov - 26 Dec 2019,"Jurong Point, Jurong West Central 2, Singapore 648886",ENDED,https://thesmartlocal.com/read/amk-jurong-point-doraemon/,15/04/2024 22:34:20
City Square Mall - We Bare Bears Christmas,15 Nov - 29 Dec 2019,"City Square Mall - 180 Kitchener Rd, Singapore 208539",ENDED,https://thesmartlocal.com/read/city-square-mall-christmas-2019/,15/04/2024 22:34:20
Christmas At Chinatown Point,15 Nov - 25 Dec 2019,"133 New Bridge Road, Singapore 059413",ENDED,https://thesmartlocal.com/read/chinatown-point-christmas/,15/04/2024 22:34:20
Pokemon Singapore,15 - 24 Nov 2019,Jewel Changi Airport,ENDED,https://thesmartlocal.com/read/jewel-changi-pokemon-center/,15/04/2024 22:34:20
Artbox Singapore 2019: Eden,15 - 17 Nov 2019,"Singapore Turf Club (The Grounds@Kranji), 1 Turf Club Ave, Singapore 738078",ENDED,https://thesmartlocal.com/read/artbox-2019/,15/04/2024 22:34:20
Artbox Singapore 2019: Eden,22 - 24 Nov 2019,"Singapore Turf Club (The Grounds@Kranji), 1 Turf Club Ave, Singapore 738078",ENDED,https://thesmartlocal.com/read/artbox-2019/,15/04/2024 22:34:20
Christmas At Quayside Isle,16 Nov - 31 Dec 2019,"Sentosa Cove, Quayside Isle, 31 Ocean Way Singapore 098375",ENDED,https://thesmartlocal.com/read/quayside-isle-christmas-lights/,15/04/2024 22:34:20
Disney Tsum Tsum River Escapade,16 Nov - 29 Dec 2019,"River Safari, 80 Mandai Lake Road, Singapore 729826",ENDED,https://thesmartlocal.com/read/disney-tsum-tsum/,15/04/2024 22:34:20
Faber Peak Mini Wedding Showcase,16 - 17 Nov 2019,"Private Dining Room, Faber Peak",ENDED,https://thesmartlocal.com/read/non-hotel-wedding/,15/04/2024 22:34:20
Frozen At Jewel Changi:#1_0,Frozen Wonderl,"Light and sound show timings: 7.30PM, 8PM, 8.30PM &9PM, Daily",ENDED,https://thesmartlocal.com/read/frozen-christmas-changi-airport/,15/04/2024 22:34:20
Frozen At Jewel Changi:#1_1,",Meet ","Light and sound show timings: 7.30PM, 8PM, 8.30PM &9PM, Daily",ENDED,https://thesmartlocal.com/read/frozen-christmas-changi-airport/,15/04/2024 22:34:20
Frozen At Jewel Changi:#1_2," greet session timings:,Light ","Light and sound show timings: 7.30PM, 8PM, 8.30PM &9PM, Daily",ENDED,https://thesmartlocal.com/read/frozen-christmas-changi-airport/,15/04/2024 22:34:20
Frozen At Jewel Changi:#1_3, sound show timings:,"Light and sound show timings: 7.30PM, 8PM, 8.30PM &9PM, Daily",ENDED,https://thesmartlocal.com/read/frozen-christmas-changi-airport/,15/04/2024 22:34:20
Frozen At Jewel Changi:#2,,Read similar articles here:,ENDED,https://thesmartlocal.com/read/frozen-christmas-changi-airport/,15/04/2024 22:34:20
Mauboussin Sale,21 - 23 Nov 2019,"435 Orchard Road, #02-14/15 Wisma Atria, Singapore 238877",ENDED,https://thesmartlocal.com/read/mauboussin-sale-2019/,15/04/2024 22:34:20
MINI Extraoddinary,22 - 24 Nov 2019,Chinatown,ENDED,https://thesmartlocal.com/read/chinatown-mini-extraoddinary/,15/04/2024 22:34:20
The Great Christmas Village,23 Nov - 26 Dec 2019,"*SCAPE, Shaw House and the Grange Road Car Park",ENDED,https://thesmartlocal.com/read/orchard-road-christmas-village-2019/,15/04/2024 22:34:20
Winter Time Final Sale,27 Nov - 01 Dec 2019,Singapore Expo Hall 4A,ENDED,https://thesmartlocal.com/read/final-winter-time-sale-2019/,15/04/2024 22:34:20
Hush Puppies Warehouse Sale,27 Nov 2019,,ENDED,https://thesmartlocal.com/read/transmarco-warehouse-sale/,15/04/2024 22:34:20
Plaza Singapura'S Snow Fun House,27 Nov - 26 Dec 2019,"68 Orchard Rd, Singapore 238839",ENDED,https://thesmartlocal.com/read/plaza-singapura-christmas/,15/04/2024 22:34:20
Sweeney Todd: The Demon Barber Of Fleet Street Musical,28 Nov - 08 Dec 2019,"Sands Theatre, Marina Bay Sands, 10 Bayfront Avenue, Singapore 018956",ENDED,https://thesmartlocal.com/read/sweeney-todd-musical/,15/04/2024 22:34:20
SITEX 2019,28 Nov - 01 Dec 2019,"1 Expo Drive, Expo Halls 5 and 6, Singapore 486150",ENDED,https://thesmartlocal.com/read/sitex-2019/,15/04/2024 22:34:20
HarbourFront Centre:#Let It Snow!_0,"14 & 15 December 2019, 20th-22nd December 2019",Photography by Adria Tham.,ENDED,https://thesmartlocal.com/read/harbourfront-centre-christmas-2019/,15/04/2024 22:34:20
VivoCity'S Black Friday Sale,29 Nov - 01 Dec 2019,Vivocity,ENDED,https://thesmartlocal.com/read/vivocity-black-friday/,15/04/2024 22:34:20
Singapore Media Festival 2019,29 Nov - 01 Dec 2019,Armenian Street,ENDED,https://thesmartlocal.com/read/singapore-media-festival-2019/,15/04/2024 22:34:20
Bounce-A-Saurus Fiesta At VivoCity,29 Nov - 25 Dec 2019,VivoCity Singapore,ENDED,https://thesmartlocal.com/read/vivocity-bounce-a-saurus/,15/04/2024 22:34:20
Standard Chartered Singapore Marathon 2019,29 Nov - 01 Dec 2019,"F1 Pit Building, 1 Republic Boulevard, Singapore 038975 and The Float @ Marina Bay, 20 Raffles Avenue, Singapore 039805",ENDED,https://thesmartlocal.com/read/standard-chartered-marathon-2019/,15/04/2024 22:34:20
Christmas Village At Aperia Mall,02 - 25 Dec 2019,"8-12 Kallang Avenue, Singapore 339509",ENDED,https://thesmartlocal.com/read/aperia-mall-christmas-village/,15/04/2024 22:34:20
313@Somerset 10th Birthday,03 - 29 Dec 2019,313@somerset,ENDED,https://thesmartlocal.com/read/313somerset-10th-birthday/,15/04/2024 22:34:20
Christmas Craftholic Pop-Up At SingPost Centre,04 - 15 Dec 2019,"10 Eunos Road 8, Singapore 408600",ENDED,https://thesmartlocal.com/read/singpost-centre-craftholic-pop-up/,15/04/2024 22:34:20
The Season Of Joy At Capitol Singapore And CHIJMES:#Capitol ● Kempinksi Skating Rink,7th – 24th December 2019,Photography by John Lim.,ENDED,https://thesmartlocal.com/read/capitol-chijmes-christmas-2019/,15/04/2024 22:34:20
The Season Of Joy At Capitol Singapore And CHIJMES:#Snowfall @ Capitol Singapore,7th – 24th December 2019,"Capitol Singapore, Outdoor Plaza",ENDED,https://thesmartlocal.com/read/capitol-chijmes-christmas-2019/,15/04/2024 22:34:20
Marina At Keppel Bay'S Christmas Merry Market 2019,06 - 07 Dec 2019,"Marina at Keppel Bay, 2 Keppel Bay Vista, Singapore 098382",ENDED,https://thesmartlocal.com/read/marina-at-keppel-bay-christmas/,15/04/2024 22:34:20
AMORE Store X Lazada 12.12 Sale,12 - 14 Dec 2019,"#02-13, Funan, 107 North Bridge Rd, Singapore 179105",ENDED,https://thesmartlocal.com/read/lazada-amore-store/,15/04/2024 22:34:20
Sephora Christmas 2019 Events And Promotions,18 Dec 2019,,ENDED,https://thesmartlocal.com/read/sephora-christmas-2019/,15/04/2024 22:34:20
The Great Circus Of Europe,20 Dec 2019 - 01 Jan 2020,Bayfront Event Space,ENDED,https://thesmartlocal.com/read/uncle-ringo-great-circus-of-europe/,15/04/2024 22:34:20
VivoCity Late Night Shopping:#Emcee Games_0,20th ,Photography by Joshua Ryan Lee.,ENDED,https://thesmartlocal.com/read/vivocity-late-night-shopping/,15/04/2024 22:34:20
VivoCity Late Night Shopping:#Emcee Games_1," 21st December 2019,VivoCity’s late-night shopping weekend,1-for-1 deals ",Photography by Joshua Ryan Lee.,ENDED,https://thesmartlocal.com/read/vivocity-late-night-shopping/,15/04/2024 22:34:20
VivoCity Late Night Shopping:#Emcee Games_2," discounts up to 70% off,130 stores,$15 TANGS voucher with a min. spend of $150,Roti Prata with Fish Curry,Mrs Claus’ Christmas Fruit Cake,Sunkist Aust Valencia Orange Bag 1.3kg,minimum spend of $60,worth a total of $28.80!,70% off bras ",Photography by Joshua Ryan Lee.,ENDED,https://thesmartlocal.com/read/vivocity-late-night-shopping/,15/04/2024 22:34:20
VivoCity Late Night Shopping:#Emcee Games_3," sleepwear,MI H",Photography by Joshua Ryan Lee.,ENDED,https://thesmartlocal.com/read/vivocity-late-night-shopping/,15/04/2024 22:34:20
VivoCity Late Night Shopping:#Emcee Games_4,"held Vacuum Cleaner for $249 (U.P. $339),storewide discount of 40% off,20th December,Late-night entertainment ",Photography by Joshua Ryan Lee.,ENDED,https://thesmartlocal.com/read/vivocity-late-night-shopping/,15/04/2024 22:34:20
VivoCity Late Night Shopping:#Emcee Games_5," shopping at VivoCity ,DBS x VivoRewards Instant Rewards",Photography by Joshua Ryan Lee.,ENDED,https://thesmartlocal.com/read/vivocity-late-night-shopping/,15/04/2024 22:34:20
Gain City,17 Dec 2019,,ENDED,https://thesmartlocal.com/read/gain-city-christmas-sale-2019/,15/04/2024 22:34:20
Star Island Singapore Countdown Edition 2019-2020,31 Dec 2019 - 01 Jan 2020,"The Float @ Marina Bay, 20 Raffles Ave, Singapore 039805",ENDED,https://thesmartlocal.com/read/star-island-2019/,15/04/2024 22:34:20
Capitol Singapore - Mambo To 2020,31 Dec 2019 - 01 Jan 2020,Capitol Singapore,ENDED,https://thesmartlocal.com/read/capitol-singapore-mambo-2020/,15/04/2024 22:34:20
